stage,split,condition_or_round,cell_count,success_count,memory_exposed_count,mean_model_calls,median_model_calls,mean_environment_steps,median_environment_steps,mean_latency_ms
STAGE_1B_FROZEN_POLICY_FM0_FM3,TRAIN_RETRIEVAL_DEV,FM0_NO_MEMORY,3,0,0,13.0,4.0,10.666666666666666,1.0,1666.6666666666667
STAGE_1B_FROZEN_POLICY_FM0_FM3,TRAIN_RETRIEVAL_DEV,FM1_MATCHED_RAW_EPISODIC,3,0,3,8.0,5.0,4.0,2.0,1159.6666666666667
STAGE_1B_FROZEN_POLICY_FM0_FM3,TRAIN_RETRIEVAL_DEV,FM2_STRUCTURED_DESCRIPTIVE,3,0,3,5.666666666666667,4.0,2.3333333333333335,1.0,749.6666666666666
STAGE_1B_FROZEN_POLICY_FM0_FM3,TRAIN_RETRIEVAL_DEV,FM3_GATED_PRESCRIPTIVE,3,0,3,6.333333333333333,4.0,2.3333333333333335,1.0,4677.333333333333
STAGE_2_MULTI_ROUND_EXTERNAL_MEMORY,TRAIN_MEMORY_SOURCE,ROUND_0,60,0,0,13.3,7.0,9.766666666666667,3.0,9023.333333333334
STAGE_2_MULTI_ROUND_EXTERNAL_MEMORY,TRAIN_MEMORY_SOURCE,ROUND_1,60,0,0,14.35,7.0,10.65,3.0,9452.383333333333
STAGE_2_MULTI_ROUND_EXTERNAL_MEMORY,TRAIN_MEMORY_SOURCE,ROUND_2,60,0,0,13.316666666666666,7.0,9.766666666666667,3.0,8845.35
STAGE_2_MULTI_ROUND_EXTERNAL_MEMORY,TRAIN_MEMORY_SOURCE,ROUND_3,60,0,0,14.0,7.0,10.216666666666667,3.0,9138.566666666668
STAGE_3_FROZEN_FORMAL_EVALUATION,VALID_SEEN,FM0_NO_MEMORY,140,1,0,12.15,6.0,8.392857142857142,2.5,7511.421428571429
STAGE_3_FROZEN_FORMAL_EVALUATION,VALID_SEEN,FM1_MATCHED_RAW_EPISODIC,140,1,0,12.157142857142857,6.0,8.307142857142857,2.5,7415.2642857142855
STAGE_3_FROZEN_FORMAL_EVALUATION,VALID_SEEN,FM2_STRUCTURED_DESCRIPTIVE,140,1,0,12.185714285714285,6.0,8.392857142857142,3.0,7385.385714285714
STAGE_3_FROZEN_FORMAL_EVALUATION,VALID_SEEN,FM3_GATED_PRESCRIPTIVE,140,1,0,12.242857142857142,6.0,8.364285714285714,2.5,7388.621428571429
STAGE_3_FROZEN_FORMAL_EVALUATION,VALID_UNSEEN,FM0_NO_MEMORY,134,0,0,10.343283582089553,6.0,7.126865671641791,2.5,6316.014925373134
STAGE_3_FROZEN_FORMAL_EVALUATION,VALID_UNSEEN,FM1_MATCHED_RAW_EPISODIC,134,0,0,10.171641791044776,6.0,6.925373134328358,2.5,6140.604477611941
STAGE_3_FROZEN_FORMAL_EVALUATION,VALID_UNSEEN,FM2_STRUCTURED_DESCRIPTIVE,134,0,0,10.455223880597014,6.0,7.2835820895522385,3.0,6252.619402985075
STAGE_3_FROZEN_FORMAL_EVALUATION,VALID_UNSEEN,FM3_GATED_PRESCRIPTIVE,134,0,0,10.41044776119403,6.0,7.17910447761194,3.0,6227.328358208955
