stage,split,reference,treatment,subset,pair_count,mean_delta_model_calls,median_delta_model_calls,mean_delta_environment_steps,median_delta_environment_steps,shorter_or_equal_count,same_count,longer_or_equal_count,mixed_count,unknown_count,success_gain_pair_count,success_loss_pair_count
STAGE_1B_FROZEN_POLICY_FM0_FM3,TRAIN_RETRIEVAL_DEV,FM0_NO_MEMORY,FM1_MATCHED_RAW_EPISODIC,ALL_PAIRS,3,-5.0,0.0,-6.666666666666667,0.0,1,1,1,0,0,0,0
STAGE_1B_FROZEN_POLICY_FM0_FM3,TRAIN_RETRIEVAL_DEV,FM0_NO_MEMORY,FM1_MATCHED_RAW_EPISODIC,DIRECT_EXPOSURE_TREATMENT,3,-5.0,0.0,-6.666666666666667,0.0,1,1,1,0,0,0,0
STAGE_1B_FROZEN_POLICY_FM0_FM3,TRAIN_RETRIEVAL_DEV,FM0_NO_MEMORY,FM2_STRUCTURED_DESCRIPTIVE,ALL_PAIRS,3,-7.333333333333333,0.0,-8.333333333333334,0.0,1,1,1,0,0,0,0
STAGE_1B_FROZEN_POLICY_FM0_FM3,TRAIN_RETRIEVAL_DEV,FM0_NO_MEMORY,FM2_STRUCTURED_DESCRIPTIVE,DIRECT_EXPOSURE_TREATMENT,3,-7.333333333333333,0.0,-8.333333333333334,0.0,1,1,1,0,0,0,0
STAGE_1B_FROZEN_POLICY_FM0_FM3,TRAIN_RETRIEVAL_DEV,FM0_NO_MEMORY,FM3_GATED_PRESCRIPTIVE,ALL_PAIRS,3,-6.666666666666667,0.0,-8.333333333333334,0.0,1,1,1,0,0,0,0
STAGE_1B_FROZEN_POLICY_FM0_FM3,TRAIN_RETRIEVAL_DEV,FM0_NO_MEMORY,FM3_GATED_PRESCRIPTIVE,DIRECT_EXPOSURE_TREATMENT,3,-6.666666666666667,0.0,-8.333333333333334,0.0,1,1,1,0,0,0,0
STAGE_1B_FROZEN_POLICY_FM0_FM3,TRAIN_RETRIEVAL_DEV,FM1_MATCHED_RAW_EPISODIC,FM2_STRUCTURED_DESCRIPTIVE,ALL_PAIRS,3,-2.3333333333333335,-1.0,-1.6666666666666667,-1.0,2,0,1,0,0,0,0
STAGE_1B_FROZEN_POLICY_FM0_FM3,TRAIN_RETRIEVAL_DEV,FM1_MATCHED_RAW_EPISODIC,FM2_STRUCTURED_DESCRIPTIVE,DIRECT_EXPOSURE_TREATMENT,3,-2.3333333333333335,-1.0,-1.6666666666666667,-1.0,2,0,1,0,0,0,0
STAGE_1B_FROZEN_POLICY_FM0_FM3,TRAIN_RETRIEVAL_DEV,FM1_MATCHED_RAW_EPISODIC,FM3_GATED_PRESCRIPTIVE,ALL_PAIRS,3,-1.6666666666666667,-1.0,-1.6666666666666667,-1.0,2,0,1,0,0,0,0
STAGE_1B_FROZEN_POLICY_FM0_FM3,TRAIN_RETRIEVAL_DEV,FM1_MATCHED_RAW_EPISODIC,FM3_GATED_PRESCRIPTIVE,DIRECT_EXPOSURE_TREATMENT,3,-1.6666666666666667,-1.0,-1.6666666666666667,-1.0,2,0,1,0,0,0,0
STAGE_1B_FROZEN_POLICY_FM0_FM3,TRAIN_RETRIEVAL_DEV,FM2_STRUCTURED_DESCRIPTIVE,FM3_GATED_PRESCRIPTIVE,ALL_PAIRS,3,0.6666666666666666,0.0,0.0,0.0,0,2,1,0,0,0,0
STAGE_1B_FROZEN_POLICY_FM0_FM3,TRAIN_RETRIEVAL_DEV,FM2_STRUCTURED_DESCRIPTIVE,FM3_GATED_PRESCRIPTIVE,DIRECT_EXPOSURE_TREATMENT,3,0.6666666666666666,0.0,0.0,0.0,0,2,1,0,0,0,0
STAGE_2_MULTI_ROUND_EXTERNAL_MEMORY,TRAIN_MEMORY_SOURCE,ROUND_0,ROUND_1,ALL_PAIRS,60,1.05,0.0,0.8833333333333333,0.0,1,55,4,0,0,0,0
STAGE_2_MULTI_ROUND_EXTERNAL_MEMORY,TRAIN_MEMORY_SOURCE,ROUND_0,ROUND_2,ALL_PAIRS,60,0.016666666666666666,0.0,0.0,0.0,2,54,4,0,0,0,0
STAGE_2_MULTI_ROUND_EXTERNAL_MEMORY,TRAIN_MEMORY_SOURCE,ROUND_0,ROUND_3,ALL_PAIRS,60,0.7,0.0,0.45,0.0,1,56,3,0,0,0,0
STAGE_2_MULTI_ROUND_EXTERNAL_MEMORY,TRAIN_MEMORY_SOURCE,ROUND_1,ROUND_2,ALL_PAIRS,60,-1.0333333333333334,0.0,-0.8833333333333333,0.0,4,54,2,0,0,0,0
STAGE_2_MULTI_ROUND_EXTERNAL_MEMORY,TRAIN_MEMORY_SOURCE,ROUND_1,ROUND_3,ALL_PAIRS,60,-0.35,0.0,-0.43333333333333335,0.0,2,56,2,0,0,0,0
STAGE_2_MULTI_ROUND_EXTERNAL_MEMORY,TRAIN_MEMORY_SOURCE,ROUND_2,ROUND_3,ALL_PAIRS,60,0.6833333333333333,0.0,0.45,0.0,2,54,4,0,0,0,0
STAGE_3_FROZEN_FORMAL_EVALUATION,VALID_SEEN,FM0_NO_MEMORY,FM1_MATCHED_RAW_EPISODIC,ALL_PAIRS,140,0.007142857142857143,0.0,-0.08571428571428572,0.0,5,131,4,0,0,0,0
STAGE_3_FROZEN_FORMAL_EVALUATION,VALID_SEEN,FM0_NO_MEMORY,FM2_STRUCTURED_DESCRIPTIVE,ALL_PAIRS,140,0.03571428571428571,0.0,0.0,0.0,8,127,5,0,0,0,0
STAGE_3_FROZEN_FORMAL_EVALUATION,VALID_SEEN,FM0_NO_MEMORY,FM3_GATED_PRESCRIPTIVE,ALL_PAIRS,140,0.09285714285714286,0.0,-0.02857142857142857,0.0,4,133,3,0,0,0,0
STAGE_3_FROZEN_FORMAL_EVALUATION,VALID_SEEN,FM1_MATCHED_RAW_EPISODIC,FM2_STRUCTURED_DESCRIPTIVE,ALL_PAIRS,140,0.02857142857142857,0.0,0.08571428571428572,0.0,7,131,2,0,0,0,0
STAGE_3_FROZEN_FORMAL_EVALUATION,VALID_SEEN,FM1_MATCHED_RAW_EPISODIC,FM3_GATED_PRESCRIPTIVE,ALL_PAIRS,140,0.08571428571428572,0.0,0.05714285714285714,0.0,3,133,4,0,0,0,0
STAGE_3_FROZEN_FORMAL_EVALUATION,VALID_SEEN,FM2_STRUCTURED_DESCRIPTIVE,FM3_GATED_PRESCRIPTIVE,ALL_PAIRS,140,0.05714285714285714,0.0,-0.02857142857142857,0.0,2,132,6,0,0,0,0
STAGE_3_FROZEN_FORMAL_EVALUATION,VALID_UNSEEN,FM0_NO_MEMORY,FM1_MATCHED_RAW_EPISODIC,ALL_PAIRS,134,-0.17164179104477612,0.0,-0.20149253731343283,0.0,1,130,3,0,0,0,0
STAGE_3_FROZEN_FORMAL_EVALUATION,VALID_UNSEEN,FM0_NO_MEMORY,FM2_STRUCTURED_DESCRIPTIVE,ALL_PAIRS,134,0.11194029850746269,0.0,0.15671641791044777,0.0,4,125,5,0,0,0,0
STAGE_3_FROZEN_FORMAL_EVALUATION,VALID_UNSEEN,FM0_NO_MEMORY,FM3_GATED_PRESCRIPTIVE,ALL_PAIRS,134,0.06716417910447761,0.0,0.05223880597014925,0.0,1,127,6,0,0,0,0
STAGE_3_FROZEN_FORMAL_EVALUATION,VALID_UNSEEN,FM1_MATCHED_RAW_EPISODIC,FM2_STRUCTURED_DESCRIPTIVE,ALL_PAIRS,134,0.2835820895522388,0.0,0.3582089552238806,0.0,4,126,4,0,0,0,0
STAGE_3_FROZEN_FORMAL_EVALUATION,VALID_UNSEEN,FM1_MATCHED_RAW_EPISODIC,FM3_GATED_PRESCRIPTIVE,ALL_PAIRS,134,0.23880597014925373,0.0,0.2537313432835821,0.0,1,129,4,0,0,0,0
STAGE_3_FROZEN_FORMAL_EVALUATION,VALID_UNSEEN,FM2_STRUCTURED_DESCRIPTIVE,FM3_GATED_PRESCRIPTIVE,ALL_PAIRS,134,-0.04477611940298507,0.0,-0.1044776119402985,0.0,1,128,5,0,0,0,0
