stage,split,reference,treatment,subset,task_family,pair_count,mean_delta_model_calls,median_delta_model_calls,mean_delta_environment_steps,median_delta_environment_steps,shorter_or_equal_count,same_count,longer_or_equal_count,mixed_count
STAGE_1B_FROZEN_POLICY_FM0_FM3,TRAIN_RETRIEVAL_DEV,FM0_NO_MEMORY,FM1_MATCHED_RAW_EPISODIC,ALL_PAIRS,registered_source_state,3,-5.0,0.0,-6.666666666666667,0.0,1,1,1,0
STAGE_1B_FROZEN_POLICY_FM0_FM3,TRAIN_RETRIEVAL_DEV,FM0_NO_MEMORY,FM1_MATCHED_RAW_EPISODIC,DIRECT_EXPOSURE_TREATMENT,registered_source_state,3,-5.0,0.0,-6.666666666666667,0.0,1,1,1,0
STAGE_1B_FROZEN_POLICY_FM0_FM3,TRAIN_RETRIEVAL_DEV,FM0_NO_MEMORY,FM2_STRUCTURED_DESCRIPTIVE,ALL_PAIRS,registered_source_state,3,-7.333333333333333,0.0,-8.333333333333334,0.0,1,1,1,0
STAGE_1B_FROZEN_POLICY_FM0_FM3,TRAIN_RETRIEVAL_DEV,FM0_NO_MEMORY,FM2_STRUCTURED_DESCRIPTIVE,DIRECT_EXPOSURE_TREATMENT,registered_source_state,3,-7.333333333333333,0.0,-8.333333333333334,0.0,1,1,1,0
STAGE_1B_FROZEN_POLICY_FM0_FM3,TRAIN_RETRIEVAL_DEV,FM0_NO_MEMORY,FM3_GATED_PRESCRIPTIVE,ALL_PAIRS,registered_source_state,3,-6.666666666666667,0.0,-8.333333333333334,0.0,1,1,1,0
STAGE_1B_FROZEN_POLICY_FM0_FM3,TRAIN_RETRIEVAL_DEV,FM0_NO_MEMORY,FM3_GATED_PRESCRIPTIVE,DIRECT_EXPOSURE_TREATMENT,registered_source_state,3,-6.666666666666667,0.0,-8.333333333333334,0.0,1,1,1,0
STAGE_1B_FROZEN_POLICY_FM0_FM3,TRAIN_RETRIEVAL_DEV,FM1_MATCHED_RAW_EPISODIC,FM2_STRUCTURED_DESCRIPTIVE,ALL_PAIRS,registered_source_state,3,-2.3333333333333335,-1.0,-1.6666666666666667,-1.0,2,0,1,0
STAGE_1B_FROZEN_POLICY_FM0_FM3,TRAIN_RETRIEVAL_DEV,FM1_MATCHED_RAW_EPISODIC,FM2_STRUCTURED_DESCRIPTIVE,DIRECT_EXPOSURE_TREATMENT,registered_source_state,3,-2.3333333333333335,-1.0,-1.6666666666666667,-1.0,2,0,1,0
STAGE_1B_FROZEN_POLICY_FM0_FM3,TRAIN_RETRIEVAL_DEV,FM1_MATCHED_RAW_EPISODIC,FM3_GATED_PRESCRIPTIVE,ALL_PAIRS,registered_source_state,3,-1.6666666666666667,-1.0,-1.6666666666666667,-1.0,2,0,1,0
STAGE_1B_FROZEN_POLICY_FM0_FM3,TRAIN_RETRIEVAL_DEV,FM1_MATCHED_RAW_EPISODIC,FM3_GATED_PRESCRIPTIVE,DIRECT_EXPOSURE_TREATMENT,registered_source_state,3,-1.6666666666666667,-1.0,-1.6666666666666667,-1.0,2,0,1,0
STAGE_1B_FROZEN_POLICY_FM0_FM3,TRAIN_RETRIEVAL_DEV,FM2_STRUCTURED_DESCRIPTIVE,FM3_GATED_PRESCRIPTIVE,ALL_PAIRS,registered_source_state,3,0.6666666666666666,0.0,0.0,0.0,0,2,1,0
STAGE_1B_FROZEN_POLICY_FM0_FM3,TRAIN_RETRIEVAL_DEV,FM2_STRUCTURED_DESCRIPTIVE,FM3_GATED_PRESCRIPTIVE,DIRECT_EXPOSURE_TREATMENT,registered_source_state,3,0.6666666666666666,0.0,0.0,0.0,0,2,1,0
STAGE_2_MULTI_ROUND_EXTERNAL_MEMORY,TRAIN_MEMORY_SOURCE,ROUND_0,ROUND_1,ALL_PAIRS,look_at_obj_in_light,10,0.0,0.0,0.0,0.0,0,10,0,0
STAGE_2_MULTI_ROUND_EXTERNAL_MEMORY,TRAIN_MEMORY_SOURCE,ROUND_0,ROUND_1,ALL_PAIRS,pick_and_place_simple,10,4.2,0.0,2.7,0.0,0,8,2,0
STAGE_2_MULTI_ROUND_EXTERNAL_MEMORY,TRAIN_MEMORY_SOURCE,ROUND_0,ROUND_1,ALL_PAIRS,pick_clean_then_place_in_recep,10,0.0,0.0,0.0,0.0,0,10,0,0
STAGE_2_MULTI_ROUND_EXTERNAL_MEMORY,TRAIN_MEMORY_SOURCE,ROUND_0,ROUND_1,ALL_PAIRS,pick_cool_then_place_in_recep,10,-0.4,0.0,-0.1,0.0,1,9,0,0
STAGE_2_MULTI_ROUND_EXTERNAL_MEMORY,TRAIN_MEMORY_SOURCE,ROUND_0,ROUND_1,ALL_PAIRS,pick_heat_then_place_in_recep,10,2.5,0.0,2.7,0.0,0,8,2,0
STAGE_2_MULTI_ROUND_EXTERNAL_MEMORY,TRAIN_MEMORY_SOURCE,ROUND_0,ROUND_1,ALL_PAIRS,pick_two_obj_and_place,10,0.0,0.0,0.0,0.0,0,10,0,0
STAGE_2_MULTI_ROUND_EXTERNAL_MEMORY,TRAIN_MEMORY_SOURCE,ROUND_0,ROUND_2,ALL_PAIRS,look_at_obj_in_light,10,0.0,0.0,0.0,0.0,0,10,0,0
STAGE_2_MULTI_ROUND_EXTERNAL_MEMORY,TRAIN_MEMORY_SOURCE,ROUND_0,ROUND_2,ALL_PAIRS,pick_and_place_simple,10,0.6,0.0,0.2,0.0,0,7,3,0
STAGE_2_MULTI_ROUND_EXTERNAL_MEMORY,TRAIN_MEMORY_SOURCE,ROUND_0,ROUND_2,ALL_PAIRS,pick_clean_then_place_in_recep,10,-0.2,0.0,-0.1,0.0,1,9,0,0
STAGE_2_MULTI_ROUND_EXTERNAL_MEMORY,TRAIN_MEMORY_SOURCE,ROUND_0,ROUND_2,ALL_PAIRS,pick_cool_then_place_in_recep,10,-0.3,0.0,-0.1,0.0,1,8,1,0
STAGE_2_MULTI_ROUND_EXTERNAL_MEMORY,TRAIN_MEMORY_SOURCE,ROUND_0,ROUND_2,ALL_PAIRS,pick_heat_then_place_in_recep,10,0.0,0.0,0.0,0.0,0,10,0,0
STAGE_2_MULTI_ROUND_EXTERNAL_MEMORY,TRAIN_MEMORY_SOURCE,ROUND_0,ROUND_2,ALL_PAIRS,pick_two_obj_and_place,10,0.0,0.0,0.0,0.0,0,10,0,0
STAGE_2_MULTI_ROUND_EXTERNAL_MEMORY,TRAIN_MEMORY_SOURCE,ROUND_0,ROUND_3,ALL_PAIRS,look_at_obj_in_light,10,0.0,0.0,0.0,0.0,0,10,0,0
STAGE_2_MULTI_ROUND_EXTERNAL_MEMORY,TRAIN_MEMORY_SOURCE,ROUND_0,ROUND_3,ALL_PAIRS,pick_and_place_simple,10,4.2,0.0,2.7,0.0,0,8,2,0
STAGE_2_MULTI_ROUND_EXTERNAL_MEMORY,TRAIN_MEMORY_SOURCE,ROUND_0,ROUND_3,ALL_PAIRS,pick_clean_then_place_in_recep,10,0.0,0.0,0.0,0.0,0,10,0,0
STAGE_2_MULTI_ROUND_EXTERNAL_MEMORY,TRAIN_MEMORY_SOURCE,ROUND_0,ROUND_3,ALL_PAIRS,pick_cool_then_place_in_recep,10,-0.1,0.0,0.0,0.0,1,9,0,0
STAGE_2_MULTI_ROUND_EXTERNAL_MEMORY,TRAIN_MEMORY_SOURCE,ROUND_0,ROUND_3,ALL_PAIRS,pick_heat_then_place_in_recep,10,0.0,0.0,0.0,0.0,0,10,0,0
STAGE_2_MULTI_ROUND_EXTERNAL_MEMORY,TRAIN_MEMORY_SOURCE,ROUND_0,ROUND_3,ALL_PAIRS,pick_two_obj_and_place,10,0.1,0.0,0.0,0.0,0,9,1,0
STAGE_2_MULTI_ROUND_EXTERNAL_MEMORY,TRAIN_MEMORY_SOURCE,ROUND_1,ROUND_2,ALL_PAIRS,look_at_obj_in_light,10,0.0,0.0,0.0,0.0,0,10,0,0
STAGE_2_MULTI_ROUND_EXTERNAL_MEMORY,TRAIN_MEMORY_SOURCE,ROUND_1,ROUND_2,ALL_PAIRS,pick_and_place_simple,10,-3.6,0.0,-2.5,0.0,1,8,1,0
STAGE_2_MULTI_ROUND_EXTERNAL_MEMORY,TRAIN_MEMORY_SOURCE,ROUND_1,ROUND_2,ALL_PAIRS,pick_clean_then_place_in_recep,10,-0.2,0.0,-0.1,0.0,1,9,0,0
STAGE_2_MULTI_ROUND_EXTERNAL_MEMORY,TRAIN_MEMORY_SOURCE,ROUND_1,ROUND_2,ALL_PAIRS,pick_cool_then_place_in_recep,10,0.1,0.0,0.0,0.0,0,9,1,0
STAGE_2_MULTI_ROUND_EXTERNAL_MEMORY,TRAIN_MEMORY_SOURCE,ROUND_1,ROUND_2,ALL_PAIRS,pick_heat_then_place_in_recep,10,-2.5,0.0,-2.7,0.0,2,8,0,0
STAGE_2_MULTI_ROUND_EXTERNAL_MEMORY,TRAIN_MEMORY_SOURCE,ROUND_1,ROUND_2,ALL_PAIRS,pick_two_obj_and_place,10,0.0,0.0,0.0,0.0,0,10,0,0
STAGE_2_MULTI_ROUND_EXTERNAL_MEMORY,TRAIN_MEMORY_SOURCE,ROUND_1,ROUND_3,ALL_PAIRS,look_at_obj_in_light,10,0.0,0.0,0.0,0.0,0,10,0,0
STAGE_2_MULTI_ROUND_EXTERNAL_MEMORY,TRAIN_MEMORY_SOURCE,ROUND_1,ROUND_3,ALL_PAIRS,pick_and_place_simple,10,0.0,0.0,0.0,0.0,0,10,0,0
STAGE_2_MULTI_ROUND_EXTERNAL_MEMORY,TRAIN_MEMORY_SOURCE,ROUND_1,ROUND_3,ALL_PAIRS,pick_clean_then_place_in_recep,10,0.0,0.0,0.0,0.0,0,10,0,0
STAGE_2_MULTI_ROUND_EXTERNAL_MEMORY,TRAIN_MEMORY_SOURCE,ROUND_1,ROUND_3,ALL_PAIRS,pick_cool_then_place_in_recep,10,0.3,0.0,0.1,0.0,0,9,1,0
STAGE_2_MULTI_ROUND_EXTERNAL_MEMORY,TRAIN_MEMORY_SOURCE,ROUND_1,ROUND_3,ALL_PAIRS,pick_heat_then_place_in_recep,10,-2.5,0.0,-2.7,0.0,2,8,0,0
STAGE_2_MULTI_ROUND_EXTERNAL_MEMORY,TRAIN_MEMORY_SOURCE,ROUND_1,ROUND_3,ALL_PAIRS,pick_two_obj_and_place,10,0.1,0.0,0.0,0.0,0,9,1,0
STAGE_2_MULTI_ROUND_EXTERNAL_MEMORY,TRAIN_MEMORY_SOURCE,ROUND_2,ROUND_3,ALL_PAIRS,look_at_obj_in_light,10,0.0,0.0,0.0,0.0,0,10,0,0
STAGE_2_MULTI_ROUND_EXTERNAL_MEMORY,TRAIN_MEMORY_SOURCE,ROUND_2,ROUND_3,ALL_PAIRS,pick_and_place_simple,10,3.6,0.0,2.5,0.0,1,8,1,0
STAGE_2_MULTI_ROUND_EXTERNAL_MEMORY,TRAIN_MEMORY_SOURCE,ROUND_2,ROUND_3,ALL_PAIRS,pick_clean_then_place_in_recep,10,0.2,0.0,0.1,0.0,0,9,1,0
STAGE_2_MULTI_ROUND_EXTERNAL_MEMORY,TRAIN_MEMORY_SOURCE,ROUND_2,ROUND_3,ALL_PAIRS,pick_cool_then_place_in_recep,10,0.2,0.0,0.1,0.0,1,8,1,0
STAGE_2_MULTI_ROUND_EXTERNAL_MEMORY,TRAIN_MEMORY_SOURCE,ROUND_2,ROUND_3,ALL_PAIRS,pick_heat_then_place_in_recep,10,0.0,0.0,0.0,0.0,0,10,0,0
STAGE_2_MULTI_ROUND_EXTERNAL_MEMORY,TRAIN_MEMORY_SOURCE,ROUND_2,ROUND_3,ALL_PAIRS,pick_two_obj_and_place,10,0.1,0.0,0.0,0.0,0,9,1,0
STAGE_3_FROZEN_FORMAL_EVALUATION,VALID_SEEN,FM0_NO_MEMORY,FM1_MATCHED_RAW_EPISODIC,ALL_PAIRS,look_at_obj_in_light,13,0.0,0.0,0.0,0.0,1,11,1,0
STAGE_3_FROZEN_FORMAL_EVALUATION,VALID_SEEN,FM0_NO_MEMORY,FM1_MATCHED_RAW_EPISODIC,ALL_PAIRS,pick_and_place_simple,35,1.3142857142857143,0.0,0.8,0.0,0,34,1,0
STAGE_3_FROZEN_FORMAL_EVALUATION,VALID_SEEN,FM0_NO_MEMORY,FM1_MATCHED_RAW_EPISODIC,ALL_PAIRS,pick_clean_then_place_in_recep,27,-1.1851851851851851,0.0,-1.037037037037037,0.0,1,26,0,0
STAGE_3_FROZEN_FORMAL_EVALUATION,VALID_SEEN,FM0_NO_MEMORY,FM1_MATCHED_RAW_EPISODIC,ALL_PAIRS,pick_cool_then_place_in_recep,25,0.04,0.0,0.0,0.0,0,24,1,0
STAGE_3_FROZEN_FORMAL_EVALUATION,VALID_SEEN,FM0_NO_MEMORY,FM1_MATCHED_RAW_EPISODIC,ALL_PAIRS,pick_heat_then_place_in_recep,16,-0.125,0.0,-0.0625,0.0,1,15,0,0
STAGE_3_FROZEN_FORMAL_EVALUATION,VALID_SEEN,FM0_NO_MEMORY,FM1_MATCHED_RAW_EPISODIC,ALL_PAIRS,pick_two_obj_and_place,24,-0.5,0.0,-0.4583333333333333,0.0,2,21,1,0
STAGE_3_FROZEN_FORMAL_EVALUATION,VALID_SEEN,FM0_NO_MEMORY,FM2_STRUCTURED_DESCRIPTIVE,ALL_PAIRS,look_at_obj_in_light,13,0.6153846153846154,0.0,0.6923076923076923,0.0,1,10,2,0
STAGE_3_FROZEN_FORMAL_EVALUATION,VALID_SEEN,FM0_NO_MEMORY,FM2_STRUCTURED_DESCRIPTIVE,ALL_PAIRS,pick_and_place_simple,35,1.1714285714285715,0.0,0.7142857142857143,0.0,1,33,1,0
STAGE_3_FROZEN_FORMAL_EVALUATION,VALID_SEEN,FM0_NO_MEMORY,FM2_STRUCTURED_DESCRIPTIVE,ALL_PAIRS,pick_clean_then_place_in_recep,27,-1.2962962962962963,0.0,-1.0740740740740742,0.0,2,25,0,0
STAGE_3_FROZEN_FORMAL_EVALUATION,VALID_SEEN,FM0_NO_MEMORY,FM2_STRUCTURED_DESCRIPTIVE,ALL_PAIRS,pick_cool_then_place_in_recep,25,-0.4,0.0,-0.32,0.0,2,22,1,0
STAGE_3_FROZEN_FORMAL_EVALUATION,VALID_SEEN,FM0_NO_MEMORY,FM2_STRUCTURED_DESCRIPTIVE,ALL_PAIRS,pick_heat_then_place_in_recep,16,-0.125,0.0,-0.0625,0.0,1,15,0,0
STAGE_3_FROZEN_FORMAL_EVALUATION,VALID_SEEN,FM0_NO_MEMORY,FM2_STRUCTURED_DESCRIPTIVE,ALL_PAIRS,pick_two_obj_and_place,24,0.125,0.0,0.16666666666666666,0.0,1,22,1,0
STAGE_3_FROZEN_FORMAL_EVALUATION,VALID_SEEN,FM0_NO_MEMORY,FM3_GATED_PRESCRIPTIVE,ALL_PAIRS,look_at_obj_in_light,13,0.0,0.0,0.0,0.0,0,13,0,0
STAGE_3_FROZEN_FORMAL_EVALUATION,VALID_SEEN,FM0_NO_MEMORY,FM3_GATED_PRESCRIPTIVE,ALL_PAIRS,pick_and_place_simple,35,1.3142857142857143,0.0,0.7142857142857143,0.0,1,33,1,0
STAGE_3_FROZEN_FORMAL_EVALUATION,VALID_SEEN,FM0_NO_MEMORY,FM3_GATED_PRESCRIPTIVE,ALL_PAIRS,pick_clean_then_place_in_recep,27,-1.1851851851851851,0.0,-1.037037037037037,0.0,1,26,0,0
STAGE_3_FROZEN_FORMAL_EVALUATION,VALID_SEEN,FM0_NO_MEMORY,FM3_GATED_PRESCRIPTIVE,ALL_PAIRS,pick_cool_then_place_in_recep,25,-0.28,0.0,-0.28,0.0,1,23,1,0
STAGE_3_FROZEN_FORMAL_EVALUATION,VALID_SEEN,FM0_NO_MEMORY,FM3_GATED_PRESCRIPTIVE,ALL_PAIRS,pick_heat_then_place_in_recep,16,0.0,0.0,0.0,0.0,0,16,0,0
STAGE_3_FROZEN_FORMAL_EVALUATION,VALID_SEEN,FM0_NO_MEMORY,FM3_GATED_PRESCRIPTIVE,ALL_PAIRS,pick_two_obj_and_place,24,0.25,0.0,0.25,0.0,1,22,1,0
STAGE_3_FROZEN_FORMAL_EVALUATION,VALID_SEEN,FM1_MATCHED_RAW_EPISODIC,FM2_STRUCTURED_DESCRIPTIVE,ALL_PAIRS,look_at_obj_in_light,13,0.6153846153846154,0.0,0.6923076923076923,0.0,1,11,1,0
STAGE_3_FROZEN_FORMAL_EVALUATION,VALID_SEEN,FM1_MATCHED_RAW_EPISODIC,FM2_STRUCTURED_DESCRIPTIVE,ALL_PAIRS,pick_and_place_simple,35,-0.14285714285714285,0.0,-0.08571428571428572,0.0,2,33,0,0
STAGE_3_FROZEN_FORMAL_EVALUATION,VALID_SEEN,FM1_MATCHED_RAW_EPISODIC,FM2_STRUCTURED_DESCRIPTIVE,ALL_PAIRS,pick_clean_then_place_in_recep,27,-0.1111111111111111,0.0,-0.037037037037037035,0.0,1,26,0,0
STAGE_3_FROZEN_FORMAL_EVALUATION,VALID_SEEN,FM1_MATCHED_RAW_EPISODIC,FM2_STRUCTURED_DESCRIPTIVE,ALL_PAIRS,pick_cool_then_place_in_recep,25,-0.44,0.0,-0.32,0.0,2,23,0,0
STAGE_3_FROZEN_FORMAL_EVALUATION,VALID_SEEN,FM1_MATCHED_RAW_EPISODIC,FM2_STRUCTURED_DESCRIPTIVE,ALL_PAIRS,pick_heat_then_place_in_recep,16,0.0,0.0,0.0,0.0,0,16,0,0
STAGE_3_FROZEN_FORMAL_EVALUATION,VALID_SEEN,FM1_MATCHED_RAW_EPISODIC,FM2_STRUCTURED_DESCRIPTIVE,ALL_PAIRS,pick_two_obj_and_place,24,0.625,0.0,0.625,0.0,1,22,1,0
STAGE_3_FROZEN_FORMAL_EVALUATION,VALID_SEEN,FM1_MATCHED_RAW_EPISODIC,FM3_GATED_PRESCRIPTIVE,ALL_PAIRS,look_at_obj_in_light,13,0.0,0.0,0.0,0.0,1,11,1,0
STAGE_3_FROZEN_FORMAL_EVALUATION,VALID_SEEN,FM1_MATCHED_RAW_EPISODIC,FM3_GATED_PRESCRIPTIVE,ALL_PAIRS,pick_and_place_simple,35,0.0,0.0,-0.08571428571428572,0.0,1,33,1,0
STAGE_3_FROZEN_FORMAL_EVALUATION,VALID_SEEN,FM1_MATCHED_RAW_EPISODIC,FM3_GATED_PRESCRIPTIVE,ALL_PAIRS,pick_clean_then_place_in_recep,27,0.0,0.0,0.0,0.0,0,27,0,0
STAGE_3_FROZEN_FORMAL_EVALUATION,VALID_SEEN,FM1_MATCHED_RAW_EPISODIC,FM3_GATED_PRESCRIPTIVE,ALL_PAIRS,pick_cool_then_place_in_recep,25,-0.32,0.0,-0.28,0.0,1,24,0,0
STAGE_3_FROZEN_FORMAL_EVALUATION,VALID_SEEN,FM1_MATCHED_RAW_EPISODIC,FM3_GATED_PRESCRIPTIVE,ALL_PAIRS,pick_heat_then_place_in_recep,16,0.125,0.0,0.0625,0.0,0,15,1,0
STAGE_3_FROZEN_FORMAL_EVALUATION,VALID_SEEN,FM1_MATCHED_RAW_EPISODIC,FM3_GATED_PRESCRIPTIVE,ALL_PAIRS,pick_two_obj_and_place,24,0.75,0.0,0.7083333333333334,0.0,0,23,1,0
STAGE_3_FROZEN_FORMAL_EVALUATION,VALID_SEEN,FM2_STRUCTURED_DESCRIPTIVE,FM3_GATED_PRESCRIPTIVE,ALL_PAIRS,look_at_obj_in_light,13,-0.6153846153846154,0.0,-0.6923076923076923,0.0,2,10,1,0
STAGE_3_FROZEN_FORMAL_EVALUATION,VALID_SEEN,FM2_STRUCTURED_DESCRIPTIVE,FM3_GATED_PRESCRIPTIVE,ALL_PAIRS,pick_and_place_simple,35,0.14285714285714285,0.0,0.0,0.0,0,34,1,0
STAGE_3_FROZEN_FORMAL_EVALUATION,VALID_SEEN,FM2_STRUCTURED_DESCRIPTIVE,FM3_GATED_PRESCRIPTIVE,ALL_PAIRS,pick_clean_then_place_in_recep,27,0.1111111111111111,0.0,0.037037037037037035,0.0,0,26,1,0
STAGE_3_FROZEN_FORMAL_EVALUATION,VALID_SEEN,FM2_STRUCTURED_DESCRIPTIVE,FM3_GATED_PRESCRIPTIVE,ALL_PAIRS,pick_cool_then_place_in_recep,25,0.12,0.0,0.04,0.0,0,24,1,0
STAGE_3_FROZEN_FORMAL_EVALUATION,VALID_SEEN,FM2_STRUCTURED_DESCRIPTIVE,FM3_GATED_PRESCRIPTIVE,ALL_PAIRS,pick_heat_then_place_in_recep,16,0.125,0.0,0.0625,0.0,0,15,1,0
STAGE_3_FROZEN_FORMAL_EVALUATION,VALID_SEEN,FM2_STRUCTURED_DESCRIPTIVE,FM3_GATED_PRESCRIPTIVE,ALL_PAIRS,pick_two_obj_and_place,24,0.125,0.0,0.08333333333333333,0.0,0,23,1,0
STAGE_3_FROZEN_FORMAL_EVALUATION,VALID_UNSEEN,FM0_NO_MEMORY,FM1_MATCHED_RAW_EPISODIC,ALL_PAIRS,look_at_obj_in_light,18,-1.5555555555555556,0.0,-1.6111111111111112,0.0,1,17,0,0
STAGE_3_FROZEN_FORMAL_EVALUATION,VALID_UNSEEN,FM0_NO_MEMORY,FM1_MATCHED_RAW_EPISODIC,ALL_PAIRS,pick_and_place_simple,24,0.0,0.0,0.041666666666666664,0.0,0,23,1,0
STAGE_3_FROZEN_FORMAL_EVALUATION,VALID_UNSEEN,FM0_NO_MEMORY,FM1_MATCHED_RAW_EPISODIC,ALL_PAIRS,pick_clean_then_place_in_recep,31,0.06451612903225806,0.0,0.03225806451612903,0.0,0,30,1,0
STAGE_3_FROZEN_FORMAL_EVALUATION,VALID_UNSEEN,FM0_NO_MEMORY,FM1_MATCHED_RAW_EPISODIC,ALL_PAIRS,pick_cool_then_place_in_recep,21,0.0,0.0,0.0,0.0,0,21,0,0
STAGE_3_FROZEN_FORMAL_EVALUATION,VALID_UNSEEN,FM0_NO_MEMORY,FM1_MATCHED_RAW_EPISODIC,ALL_PAIRS,pick_heat_then_place_in_recep,23,0.13043478260869565,0.0,0.0,0.0,0,22,1,0
STAGE_3_FROZEN_FORMAL_EVALUATION,VALID_UNSEEN,FM0_NO_MEMORY,FM1_MATCHED_RAW_EPISODIC,ALL_PAIRS,pick_two_obj_and_place,17,0.0,0.0,0.0,0.0,0,17,0,0
STAGE_3_FROZEN_FORMAL_EVALUATION,VALID_UNSEEN,FM0_NO_MEMORY,FM2_STRUCTURED_DESCRIPTIVE,ALL_PAIRS,look_at_obj_in_light,18,-0.05555555555555555,0.0,0.0,0.0,1,17,0,0
STAGE_3_FROZEN_FORMAL_EVALUATION,VALID_UNSEEN,FM0_NO_MEMORY,FM2_STRUCTURED_DESCRIPTIVE,ALL_PAIRS,pick_and_place_simple,24,0.0,0.0,0.041666666666666664,0.0,0,23,1,0
STAGE_3_FROZEN_FORMAL_EVALUATION,VALID_UNSEEN,FM0_NO_MEMORY,FM2_STRUCTURED_DESCRIPTIVE,ALL_PAIRS,pick_clean_then_place_in_recep,31,0.4838709677419355,0.0,0.5806451612903226,0.0,1,28,2,0
STAGE_3_FROZEN_FORMAL_EVALUATION,VALID_UNSEEN,FM0_NO_MEMORY,FM2_STRUCTURED_DESCRIPTIVE,ALL_PAIRS,pick_cool_then_place_in_recep,21,0.0,0.0,0.0,0.0,0,21,0,0
STAGE_3_FROZEN_FORMAL_EVALUATION,VALID_UNSEEN,FM0_NO_MEMORY,FM2_STRUCTURED_DESCRIPTIVE,ALL_PAIRS,pick_heat_then_place_in_recep,23,0.0,0.0,0.0,0.0,0,23,0,0
STAGE_3_FROZEN_FORMAL_EVALUATION,VALID_UNSEEN,FM0_NO_MEMORY,FM2_STRUCTURED_DESCRIPTIVE,ALL_PAIRS,pick_two_obj_and_place,17,0.058823529411764705,0.0,0.11764705882352941,0.0,2,13,2,0
STAGE_3_FROZEN_FORMAL_EVALUATION,VALID_UNSEEN,FM0_NO_MEMORY,FM3_GATED_PRESCRIPTIVE,ALL_PAIRS,look_at_obj_in_light,18,0.0,0.0,0.0,0.0,0,18,0,0
STAGE_3_FROZEN_FORMAL_EVALUATION,VALID_UNSEEN,FM0_NO_MEMORY,FM3_GATED_PRESCRIPTIVE,ALL_PAIRS,pick_and_place_simple,24,0.0,0.0,0.041666666666666664,0.0,0,23,1,0
STAGE_3_FROZEN_FORMAL_EVALUATION,VALID_UNSEEN,FM0_NO_MEMORY,FM3_GATED_PRESCRIPTIVE,ALL_PAIRS,pick_clean_then_place_in_recep,31,0.03225806451612903,0.0,0.03225806451612903,0.0,1,29,1,0
STAGE_3_FROZEN_FORMAL_EVALUATION,VALID_UNSEEN,FM0_NO_MEMORY,FM3_GATED_PRESCRIPTIVE,ALL_PAIRS,pick_cool_then_place_in_recep,21,0.0,0.0,0.0,0.0,0,21,0,0
STAGE_3_FROZEN_FORMAL_EVALUATION,VALID_UNSEEN,FM0_NO_MEMORY,FM3_GATED_PRESCRIPTIVE,ALL_PAIRS,pick_heat_then_place_in_recep,23,0.17391304347826086,0.0,0.043478260869565216,0.0,0,21,2,0
STAGE_3_FROZEN_FORMAL_EVALUATION,VALID_UNSEEN,FM0_NO_MEMORY,FM3_GATED_PRESCRIPTIVE,ALL_PAIRS,pick_two_obj_and_place,17,0.23529411764705882,0.0,0.23529411764705882,0.0,0,15,2,0
STAGE_3_FROZEN_FORMAL_EVALUATION,VALID_UNSEEN,FM1_MATCHED_RAW_EPISODIC,FM2_STRUCTURED_DESCRIPTIVE,ALL_PAIRS,look_at_obj_in_light,18,1.5,0.0,1.6111111111111112,0.0,0,17,1,0
STAGE_3_FROZEN_FORMAL_EVALUATION,VALID_UNSEEN,FM1_MATCHED_RAW_EPISODIC,FM2_STRUCTURED_DESCRIPTIVE,ALL_PAIRS,pick_and_place_simple,24,0.0,0.0,0.0,0.0,0,24,0,0
STAGE_3_FROZEN_FORMAL_EVALUATION,VALID_UNSEEN,FM1_MATCHED_RAW_EPISODIC,FM2_STRUCTURED_DESCRIPTIVE,ALL_PAIRS,pick_clean_then_place_in_recep,31,0.41935483870967744,0.0,0.5483870967741935,0.0,1,29,1,0
STAGE_3_FROZEN_FORMAL_EVALUATION,VALID_UNSEEN,FM1_MATCHED_RAW_EPISODIC,FM2_STRUCTURED_DESCRIPTIVE,ALL_PAIRS,pick_cool_then_place_in_recep,21,0.0,0.0,0.0,0.0,0,21,0,0
STAGE_3_FROZEN_FORMAL_EVALUATION,VALID_UNSEEN,FM1_MATCHED_RAW_EPISODIC,FM2_STRUCTURED_DESCRIPTIVE,ALL_PAIRS,pick_heat_then_place_in_recep,23,-0.13043478260869565,0.0,0.0,0.0,1,22,0,0
STAGE_3_FROZEN_FORMAL_EVALUATION,VALID_UNSEEN,FM1_MATCHED_RAW_EPISODIC,FM2_STRUCTURED_DESCRIPTIVE,ALL_PAIRS,pick_two_obj_and_place,17,0.058823529411764705,0.0,0.11764705882352941,0.0,2,13,2,0
STAGE_3_FROZEN_FORMAL_EVALUATION,VALID_UNSEEN,FM1_MATCHED_RAW_EPISODIC,FM3_GATED_PRESCRIPTIVE,ALL_PAIRS,look_at_obj_in_light,18,1.5555555555555556,0.0,1.6111111111111112,0.0,0,17,1,0
STAGE_3_FROZEN_FORMAL_EVALUATION,VALID_UNSEEN,FM1_MATCHED_RAW_EPISODIC,FM3_GATED_PRESCRIPTIVE,ALL_PAIRS,pick_and_place_simple,24,0.0,0.0,0.0,0.0,0,24,0,0
STAGE_3_FROZEN_FORMAL_EVALUATION,VALID_UNSEEN,FM1_MATCHED_RAW_EPISODIC,FM3_GATED_PRESCRIPTIVE,ALL_PAIRS,pick_clean_then_place_in_recep,31,-0.03225806451612903,0.0,0.0,0.0,1,30,0,0
STAGE_3_FROZEN_FORMAL_EVALUATION,VALID_UNSEEN,FM1_MATCHED_RAW_EPISODIC,FM3_GATED_PRESCRIPTIVE,ALL_PAIRS,pick_cool_then_place_in_recep,21,0.0,0.0,0.0,0.0,0,21,0,0
STAGE_3_FROZEN_FORMAL_EVALUATION,VALID_UNSEEN,FM1_MATCHED_RAW_EPISODIC,FM3_GATED_PRESCRIPTIVE,ALL_PAIRS,pick_heat_then_place_in_recep,23,0.043478260869565216,0.0,0.043478260869565216,0.0,0,22,1,0
STAGE_3_FROZEN_FORMAL_EVALUATION,VALID_UNSEEN,FM1_MATCHED_RAW_EPISODIC,FM3_GATED_PRESCRIPTIVE,ALL_PAIRS,pick_two_obj_and_place,17,0.23529411764705882,0.0,0.23529411764705882,0.0,0,15,2,0
STAGE_3_FROZEN_FORMAL_EVALUATION,VALID_UNSEEN,FM2_STRUCTURED_DESCRIPTIVE,FM3_GATED_PRESCRIPTIVE,ALL_PAIRS,look_at_obj_in_light,18,0.05555555555555555,0.0,0.0,0.0,0,17,1,0
STAGE_3_FROZEN_FORMAL_EVALUATION,VALID_UNSEEN,FM2_STRUCTURED_DESCRIPTIVE,FM3_GATED_PRESCRIPTIVE,ALL_PAIRS,pick_and_place_simple,24,0.0,0.0,0.0,0.0,0,24,0,0
STAGE_3_FROZEN_FORMAL_EVALUATION,VALID_UNSEEN,FM2_STRUCTURED_DESCRIPTIVE,FM3_GATED_PRESCRIPTIVE,ALL_PAIRS,pick_clean_then_place_in_recep,31,-0.45161290322580644,0.0,-0.5483870967741935,0.0,1,30,0,0
STAGE_3_FROZEN_FORMAL_EVALUATION,VALID_UNSEEN,FM2_STRUCTURED_DESCRIPTIVE,FM3_GATED_PRESCRIPTIVE,ALL_PAIRS,pick_cool_then_place_in_recep,21,0.0,0.0,0.0,0.0,0,21,0,0
STAGE_3_FROZEN_FORMAL_EVALUATION,VALID_UNSEEN,FM2_STRUCTURED_DESCRIPTIVE,FM3_GATED_PRESCRIPTIVE,ALL_PAIRS,pick_heat_then_place_in_recep,23,0.17391304347826086,0.0,0.043478260869565216,0.0,0,21,2,0
STAGE_3_FROZEN_FORMAL_EVALUATION,VALID_UNSEEN,FM2_STRUCTURED_DESCRIPTIVE,FM3_GATED_PRESCRIPTIVE,ALL_PAIRS,pick_two_obj_and_place,17,0.17647058823529413,0.0,0.11764705882352941,0.0,0,15,2,0
