stage,task_family,condition,split,cell_count,success_count,harm_count,wrong_memory_count,unsafe_memory_count,exposure_label_authority,harm_authority
STAGE1B,registered_source_state,FM0_NO_MEMORY,TRAIN_RETRIEVAL_DEV,3,0,0,0,0,REGISTERED_DIRECT_GOLD_V1,PAIRED_TASK_SUCCESS_V1
STAGE1B,registered_source_state,FM1_MATCHED_RAW_EPISODIC,TRAIN_RETRIEVAL_DEV,3,0,0,0,0,REGISTERED_DIRECT_GOLD_V1,PAIRED_TASK_SUCCESS_V1
STAGE1B,registered_source_state,FM2_STRUCTURED_DESCRIPTIVE,TRAIN_RETRIEVAL_DEV,3,0,0,0,0,REGISTERED_DIRECT_GOLD_V1,PAIRED_TASK_SUCCESS_V1
STAGE1B,registered_source_state,FM3_GATED_PRESCRIPTIVE,TRAIN_RETRIEVAL_DEV,3,0,0,0,0,REGISTERED_DIRECT_GOLD_V1,PAIRED_TASK_SUCCESS_V1
STAGE2,look_at_obj_in_light,ROUND_ACTIVE_MEMORY,TRAIN_MEMORY_SOURCE,40,0,0,,,NOT_EVALUATED_NO_REGISTERED_GOLD_V1,PAIRED_TASK_SUCCESS_V1
STAGE2,pick_and_place_simple,ROUND_ACTIVE_MEMORY,TRAIN_MEMORY_SOURCE,40,0,0,,,NOT_EVALUATED_NO_REGISTERED_GOLD_V1,PAIRED_TASK_SUCCESS_V1
STAGE2,pick_clean_then_place_in_recep,ROUND_ACTIVE_MEMORY,TRAIN_MEMORY_SOURCE,40,0,0,,,NOT_EVALUATED_NO_REGISTERED_GOLD_V1,PAIRED_TASK_SUCCESS_V1
STAGE2,pick_cool_then_place_in_recep,ROUND_ACTIVE_MEMORY,TRAIN_MEMORY_SOURCE,40,0,0,,,NOT_EVALUATED_NO_REGISTERED_GOLD_V1,PAIRED_TASK_SUCCESS_V1
STAGE2,pick_heat_then_place_in_recep,ROUND_ACTIVE_MEMORY,TRAIN_MEMORY_SOURCE,40,0,0,,,NOT_EVALUATED_NO_REGISTERED_GOLD_V1,PAIRED_TASK_SUCCESS_V1
STAGE2,pick_two_obj_and_place,ROUND_ACTIVE_MEMORY,TRAIN_MEMORY_SOURCE,40,0,0,,,NOT_EVALUATED_NO_REGISTERED_GOLD_V1,PAIRED_TASK_SUCCESS_V1
STAGE3,look_at_obj_in_light,FM0_NO_MEMORY,VALID_SEEN,13,0,0,,,NOT_EVALUATED_NO_REGISTERED_GOLD_V1,PAIRED_TASK_SUCCESS_V1
STAGE3,look_at_obj_in_light,FM0_NO_MEMORY,VALID_UNSEEN,18,0,0,,,NOT_EVALUATED_NO_REGISTERED_GOLD_V1,PAIRED_TASK_SUCCESS_V1
STAGE3,look_at_obj_in_light,FM1_MATCHED_RAW_EPISODIC,VALID_SEEN,13,0,0,,,NOT_EVALUATED_NO_REGISTERED_GOLD_V1,PAIRED_TASK_SUCCESS_V1
STAGE3,look_at_obj_in_light,FM1_MATCHED_RAW_EPISODIC,VALID_UNSEEN,18,0,0,,,NOT_EVALUATED_NO_REGISTERED_GOLD_V1,PAIRED_TASK_SUCCESS_V1
STAGE3,look_at_obj_in_light,FM2_STRUCTURED_DESCRIPTIVE,VALID_SEEN,13,0,0,,,NOT_EVALUATED_NO_REGISTERED_GOLD_V1,PAIRED_TASK_SUCCESS_V1
STAGE3,look_at_obj_in_light,FM2_STRUCTURED_DESCRIPTIVE,VALID_UNSEEN,18,0,0,,,NOT_EVALUATED_NO_REGISTERED_GOLD_V1,PAIRED_TASK_SUCCESS_V1
STAGE3,look_at_obj_in_light,FM3_GATED_PRESCRIPTIVE,VALID_SEEN,13,0,0,,,NOT_EVALUATED_NO_REGISTERED_GOLD_V1,PAIRED_TASK_SUCCESS_V1
STAGE3,look_at_obj_in_light,FM3_GATED_PRESCRIPTIVE,VALID_UNSEEN,18,0,0,,,NOT_EVALUATED_NO_REGISTERED_GOLD_V1,PAIRED_TASK_SUCCESS_V1
STAGE3,pick_and_place_simple,FM0_NO_MEMORY,VALID_SEEN,35,0,0,,,NOT_EVALUATED_NO_REGISTERED_GOLD_V1,PAIRED_TASK_SUCCESS_V1
STAGE3,pick_and_place_simple,FM0_NO_MEMORY,VALID_UNSEEN,24,0,0,,,NOT_EVALUATED_NO_REGISTERED_GOLD_V1,PAIRED_TASK_SUCCESS_V1
STAGE3,pick_and_place_simple,FM1_MATCHED_RAW_EPISODIC,VALID_SEEN,35,0,0,,,NOT_EVALUATED_NO_REGISTERED_GOLD_V1,PAIRED_TASK_SUCCESS_V1
STAGE3,pick_and_place_simple,FM1_MATCHED_RAW_EPISODIC,VALID_UNSEEN,24,0,0,,,NOT_EVALUATED_NO_REGISTERED_GOLD_V1,PAIRED_TASK_SUCCESS_V1
STAGE3,pick_and_place_simple,FM2_STRUCTURED_DESCRIPTIVE,VALID_SEEN,35,0,0,,,NOT_EVALUATED_NO_REGISTERED_GOLD_V1,PAIRED_TASK_SUCCESS_V1
STAGE3,pick_and_place_simple,FM2_STRUCTURED_DESCRIPTIVE,VALID_UNSEEN,24,0,0,,,NOT_EVALUATED_NO_REGISTERED_GOLD_V1,PAIRED_TASK_SUCCESS_V1
STAGE3,pick_and_place_simple,FM3_GATED_PRESCRIPTIVE,VALID_SEEN,35,0,0,,,NOT_EVALUATED_NO_REGISTERED_GOLD_V1,PAIRED_TASK_SUCCESS_V1
STAGE3,pick_and_place_simple,FM3_GATED_PRESCRIPTIVE,VALID_UNSEEN,24,0,0,,,NOT_EVALUATED_NO_REGISTERED_GOLD_V1,PAIRED_TASK_SUCCESS_V1
STAGE3,pick_clean_then_place_in_recep,FM0_NO_MEMORY,VALID_SEEN,27,0,0,,,NOT_EVALUATED_NO_REGISTERED_GOLD_V1,PAIRED_TASK_SUCCESS_V1
STAGE3,pick_clean_then_place_in_recep,FM0_NO_MEMORY,VALID_UNSEEN,31,0,0,,,NOT_EVALUATED_NO_REGISTERED_GOLD_V1,PAIRED_TASK_SUCCESS_V1
STAGE3,pick_clean_then_place_in_recep,FM1_MATCHED_RAW_EPISODIC,VALID_SEEN,27,0,0,,,NOT_EVALUATED_NO_REGISTERED_GOLD_V1,PAIRED_TASK_SUCCESS_V1
STAGE3,pick_clean_then_place_in_recep,FM1_MATCHED_RAW_EPISODIC,VALID_UNSEEN,31,0,0,,,NOT_EVALUATED_NO_REGISTERED_GOLD_V1,PAIRED_TASK_SUCCESS_V1
STAGE3,pick_clean_then_place_in_recep,FM2_STRUCTURED_DESCRIPTIVE,VALID_SEEN,27,0,0,,,NOT_EVALUATED_NO_REGISTERED_GOLD_V1,PAIRED_TASK_SUCCESS_V1
STAGE3,pick_clean_then_place_in_recep,FM2_STRUCTURED_DESCRIPTIVE,VALID_UNSEEN,31,0,0,,,NOT_EVALUATED_NO_REGISTERED_GOLD_V1,PAIRED_TASK_SUCCESS_V1
STAGE3,pick_clean_then_place_in_recep,FM3_GATED_PRESCRIPTIVE,VALID_SEEN,27,0,0,,,NOT_EVALUATED_NO_REGISTERED_GOLD_V1,PAIRED_TASK_SUCCESS_V1
STAGE3,pick_clean_then_place_in_recep,FM3_GATED_PRESCRIPTIVE,VALID_UNSEEN,31,0,0,,,NOT_EVALUATED_NO_REGISTERED_GOLD_V1,PAIRED_TASK_SUCCESS_V1
STAGE3,pick_cool_then_place_in_recep,FM0_NO_MEMORY,VALID_SEEN,25,0,0,,,NOT_EVALUATED_NO_REGISTERED_GOLD_V1,PAIRED_TASK_SUCCESS_V1
STAGE3,pick_cool_then_place_in_recep,FM0_NO_MEMORY,VALID_UNSEEN,21,0,0,,,NOT_EVALUATED_NO_REGISTERED_GOLD_V1,PAIRED_TASK_SUCCESS_V1
STAGE3,pick_cool_then_place_in_recep,FM1_MATCHED_RAW_EPISODIC,VALID_SEEN,25,0,0,,,NOT_EVALUATED_NO_REGISTERED_GOLD_V1,PAIRED_TASK_SUCCESS_V1
STAGE3,pick_cool_then_place_in_recep,FM1_MATCHED_RAW_EPISODIC,VALID_UNSEEN,21,0,0,,,NOT_EVALUATED_NO_REGISTERED_GOLD_V1,PAIRED_TASK_SUCCESS_V1
STAGE3,pick_cool_then_place_in_recep,FM2_STRUCTURED_DESCRIPTIVE,VALID_SEEN,25,0,0,,,NOT_EVALUATED_NO_REGISTERED_GOLD_V1,PAIRED_TASK_SUCCESS_V1
STAGE3,pick_cool_then_place_in_recep,FM2_STRUCTURED_DESCRIPTIVE,VALID_UNSEEN,21,0,0,,,NOT_EVALUATED_NO_REGISTERED_GOLD_V1,PAIRED_TASK_SUCCESS_V1
STAGE3,pick_cool_then_place_in_recep,FM3_GATED_PRESCRIPTIVE,VALID_SEEN,25,0,0,,,NOT_EVALUATED_NO_REGISTERED_GOLD_V1,PAIRED_TASK_SUCCESS_V1
STAGE3,pick_cool_then_place_in_recep,FM3_GATED_PRESCRIPTIVE,VALID_UNSEEN,21,0,0,,,NOT_EVALUATED_NO_REGISTERED_GOLD_V1,PAIRED_TASK_SUCCESS_V1
STAGE3,pick_heat_then_place_in_recep,FM0_NO_MEMORY,VALID_SEEN,16,0,0,,,NOT_EVALUATED_NO_REGISTERED_GOLD_V1,PAIRED_TASK_SUCCESS_V1
STAGE3,pick_heat_then_place_in_recep,FM0_NO_MEMORY,VALID_UNSEEN,23,0,0,,,NOT_EVALUATED_NO_REGISTERED_GOLD_V1,PAIRED_TASK_SUCCESS_V1
STAGE3,pick_heat_then_place_in_recep,FM1_MATCHED_RAW_EPISODIC,VALID_SEEN,16,0,0,,,NOT_EVALUATED_NO_REGISTERED_GOLD_V1,PAIRED_TASK_SUCCESS_V1
STAGE3,pick_heat_then_place_in_recep,FM1_MATCHED_RAW_EPISODIC,VALID_UNSEEN,23,0,0,,,NOT_EVALUATED_NO_REGISTERED_GOLD_V1,PAIRED_TASK_SUCCESS_V1
STAGE3,pick_heat_then_place_in_recep,FM2_STRUCTURED_DESCRIPTIVE,VALID_SEEN,16,0,0,,,NOT_EVALUATED_NO_REGISTERED_GOLD_V1,PAIRED_TASK_SUCCESS_V1
STAGE3,pick_heat_then_place_in_recep,FM2_STRUCTURED_DESCRIPTIVE,VALID_UNSEEN,23,0,0,,,NOT_EVALUATED_NO_REGISTERED_GOLD_V1,PAIRED_TASK_SUCCESS_V1
STAGE3,pick_heat_then_place_in_recep,FM3_GATED_PRESCRIPTIVE,VALID_SEEN,16,0,0,,,NOT_EVALUATED_NO_REGISTERED_GOLD_V1,PAIRED_TASK_SUCCESS_V1
STAGE3,pick_heat_then_place_in_recep,FM3_GATED_PRESCRIPTIVE,VALID_UNSEEN,23,0,0,,,NOT_EVALUATED_NO_REGISTERED_GOLD_V1,PAIRED_TASK_SUCCESS_V1
STAGE3,pick_two_obj_and_place,FM0_NO_MEMORY,VALID_SEEN,24,1,0,,,NOT_EVALUATED_NO_REGISTERED_GOLD_V1,PAIRED_TASK_SUCCESS_V1
STAGE3,pick_two_obj_and_place,FM0_NO_MEMORY,VALID_UNSEEN,17,0,0,,,NOT_EVALUATED_NO_REGISTERED_GOLD_V1,PAIRED_TASK_SUCCESS_V1
STAGE3,pick_two_obj_and_place,FM1_MATCHED_RAW_EPISODIC,VALID_SEEN,24,1,0,,,NOT_EVALUATED_NO_REGISTERED_GOLD_V1,PAIRED_TASK_SUCCESS_V1
STAGE3,pick_two_obj_and_place,FM1_MATCHED_RAW_EPISODIC,VALID_UNSEEN,17,0,0,,,NOT_EVALUATED_NO_REGISTERED_GOLD_V1,PAIRED_TASK_SUCCESS_V1
STAGE3,pick_two_obj_and_place,FM2_STRUCTURED_DESCRIPTIVE,VALID_SEEN,24,1,0,,,NOT_EVALUATED_NO_REGISTERED_GOLD_V1,PAIRED_TASK_SUCCESS_V1
STAGE3,pick_two_obj_and_place,FM2_STRUCTURED_DESCRIPTIVE,VALID_UNSEEN,17,0,0,,,NOT_EVALUATED_NO_REGISTERED_GOLD_V1,PAIRED_TASK_SUCCESS_V1
STAGE3,pick_two_obj_and_place,FM3_GATED_PRESCRIPTIVE,VALID_SEEN,24,1,0,,,NOT_EVALUATED_NO_REGISTERED_GOLD_V1,PAIRED_TASK_SUCCESS_V1
STAGE3,pick_two_obj_and_place,FM3_GATED_PRESCRIPTIVE,VALID_UNSEEN,17,0,0,,,NOT_EVALUATED_NO_REGISTERED_GOLD_V1,PAIRED_TASK_SUCCESS_V1
